level;year;ibge_code;ibge_label;isced_level1;isced_level1_label_pt;isced_level1_label_en;isced_level2;isced_level2_label_pt;isced_level2_label_en;isced_level3;isced_level3_label_pt;isced_level3_label_en;comments
higher_education;2000;63;Pedagogia - Graduação;1;EDUCAÇÃO;Education;14;FORMAÇÃO DE PROFESSORES E CIÊNCIAS DA EDUCAÇÃO;Teacher training and education science;140;FORMAÇÃO DO PROFESSOR E CIÊNCIAS DA EDUCAÇÃO (CURSO GERAIS);Teaching and training (general);
higher_education;1980;77;educação - superior;1;EDUCAÇÃO;Education;14;FORMAÇÃO DE PROFESSORES E CIÊNCIAS DA EDUCAÇÃO;Teacher training and education science;140;FORMAÇÃO DO PROFESSOR E CIÊNCIAS DA EDUCAÇÃO (CURSO GERAIS);Teaching and training (general);
higher_education;1991;77;Pedagogia;1;EDUCAÇÃO;Education;14;FORMAÇÃO DE PROFESSORES E CIÊNCIAS DA EDUCAÇÃO;Teacher training and education science;140;FORMAÇÃO DO PROFESSOR E CIÊNCIAS DA EDUCAÇÃO (CURSO GERAIS);Teaching and training (general);
higher_education;2000;78;Pedagogia - Mestrado ou Doutorado;1;EDUCAÇÃO;Education;14;FORMAÇÃO DE PROFESSORES E CIÊNCIAS DA EDUCAÇÃO;Teacher training and education science;140;FORMAÇÃO DO PROFESSOR E CIÊNCIAS DA EDUCAÇÃO (CURSO GERAIS);Teaching and training (general);
higher_education;1980;94;educação - mestrado;1;EDUCAÇÃO;Education;14;FORMAÇÃO DE PROFESSORES E CIÊNCIAS DA EDUCAÇÃO;Teacher training and education science;140;FORMAÇÃO DO PROFESSOR E CIÊNCIAS DA EDUCAÇÃO (CURSO GERAIS);Teaching and training (general);
higher_education;1991;94;Mestrado ou Doutorado - Pedagogia;1;EDUCAÇÃO;Education;14;FORMAÇÃO DE PROFESSORES E CIÊNCIAS DA EDUCAÇÃO;Teacher training and education science;140;FORMAÇÃO DO PROFESSOR E CIÊNCIAS DA EDUCAÇÃO (CURSO GERAIS);Teaching and training (general);
higher_education;2010;140;FORMAÇÃO DO PROFESSOR E CIÊNCIAS DA EDUCAÇÃO (CURSO GERAIS);1;EDUCAÇÃO;Education;14;FORMAÇÃO DE PROFESSORES E CIÊNCIAS DA EDUCAÇÃO;Teacher training and education science;140;FORMAÇÃO DO PROFESSOR E CIÊNCIAS DA EDUCAÇÃO (CURSO GERAIS);Teaching and training (general);
higher_education;2010;142;CIÊNCIAS DA EDUCAÇÃO;1;EDUCAÇÃO;Education;14;FORMAÇÃO DE PROFESSORES E CIÊNCIAS DA EDUCAÇÃO;Teacher training and education science;140;FORMAÇÃO DO PROFESSOR E CIÊNCIAS DA EDUCAÇÃO (CURSO GERAIS);Teaching and training (general);
higher_education;2010;143;FORMAÇÃO DE PROFESSORES DE EDUCAÇÃO INFANTIL;1;EDUCAÇÃO;Education;14;FORMAÇÃO DE PROFESSORES E CIÊNCIAS DA EDUCAÇÃO;Teacher training and education science;140;FORMAÇÃO DO PROFESSOR E CIÊNCIAS DA EDUCAÇÃO (CURSO GERAIS);Teaching and training (general);
higher_education;2010;144;FORMAÇÃO DE PROFESSORES DA EDUCAÇÃO BÁSICA;1;EDUCAÇÃO;Education;14;FORMAÇÃO DE PROFESSORES E CIÊNCIAS DA EDUCAÇÃO;Teacher training and education science;140;FORMAÇÃO DO PROFESSOR E CIÊNCIAS DA EDUCAÇÃO (CURSO GERAIS);Teaching and training (general);
higher_education;2000;22;Educação Física - Graduação;1;EDUCAÇÃO;Education;14;FORMAÇÃO DE PROFESSORES E CIÊNCIAS DA EDUCAÇÃO;Teacher training and education science;145;FORMAÇÃO DE PROFESSORES COM ESPECIALIZAÇÃO EM MATÉRIAS ESPECÍFICAS;Teacher training with subject specialisation;
higher_education;1980;44;educação física - superior;1;EDUCAÇÃO;Education;14;FORMAÇÃO DE PROFESSORES E CIÊNCIAS DA EDUCAÇÃO;Teacher training and education science;145;FORMAÇÃO DE PROFESSORES COM ESPECIALIZAÇÃO EM MATÉRIAS ESPECÍFICAS;Teacher training with subject specialisation;
higher_education;1991;44;Educação Física;1;EDUCAÇÃO;Education;14;FORMAÇÃO DE PROFESSORES E CIÊNCIAS DA EDUCAÇÃO;Teacher training and education science;145;FORMAÇÃO DE PROFESSORES COM ESPECIALIZAÇÃO EM MATÉRIAS ESPECÍFICAS;Teacher training with subject specialisation;
higher_education;2000;59;Formação Professores Disciplinas Especiais - Graduação;1;EDUCAÇÃO;Education;14;FORMAÇÃO DE PROFESSORES E CIÊNCIAS DA EDUCAÇÃO;Teacher training and education science;145;FORMAÇÃO DE PROFESSORES COM ESPECIALIZAÇÃO EM MATÉRIAS ESPECÍFICAS;Teacher training with subject specialisation;
higher_education;2010;145;FORMAÇÃO DE PROFESSORES COM ESPECIALIZAÇÃO EM MATÉRIAS ESPECÍFICAS;1;EDUCAÇÃO;Education;14;FORMAÇÃO DE PROFESSORES E CIÊNCIAS DA EDUCAÇÃO;Teacher training and education science;145;FORMAÇÃO DE PROFESSORES COM ESPECIALIZAÇÃO EM MATÉRIAS ESPECÍFICAS;Teacher training with subject specialisation;
higher_education;2010;146;FORMAÇÃO DE PROFESSORES DE DISCIPLINAS PROFISSIONAIS;1;EDUCAÇÃO;Education;14;FORMAÇÃO DE PROFESSORES E CIÊNCIAS DA EDUCAÇÃO;Teacher training and education science;145;FORMAÇÃO DE PROFESSORES COM ESPECIALIZAÇÃO EM MATÉRIAS ESPECÍFICAS;Teacher training with subject specialisation;
higher_education;2010;813;ESPORTES;1;EDUCAÇÃO;Education;14;FORMAÇÃO DE PROFESSORES E CIÊNCIAS DA EDUCAÇÃO;Teacher training and education science;145;FORMAÇÃO DE PROFESSORES COM ESPECIALIZAÇÃO EM MATÉRIAS ESPECÍFICAS;Teacher training with subject specialisation;
higher_education;2000;82;Artes - Graduação;2;HUMANIDADES E ARTES;Humanities and Arts;21;ARTES;Arts;210;ARTES (CURSO GERAIS);Arts (general);
higher_education;1980;83;belas artes - superior;2;HUMANIDADES E ARTES;Humanities and Arts;21;ARTES;Arts;210;ARTES (CURSO GERAIS);Arts (general);
higher_education;1991;83;Artes;2;HUMANIDADES E ARTES;Humanities and Arts;21;ARTES;Arts;210;ARTES (CURSO GERAIS);Arts (general);
higher_education;2010;210;ARTES (CURSO GERAIS);2;HUMANIDADES E ARTES;Humanities and Arts;21;ARTES;Arts;210;ARTES (CURSO GERAIS);Arts (general);
higher_education;2010;211;BELAS ARTES;2;HUMANIDADES E ARTES;Humanities and Arts;21;ARTES;Arts;210;ARTES (CURSO GERAIS);Arts (general);
higher_education;2010;212;MÚSICA E ARTES CÊNICAS;2;HUMANIDADES E ARTES;Humanities and Arts;21;ARTES;Arts;210;ARTES (CURSO GERAIS);Arts (general);
higher_education;2010;213;TÉCNICAS AUDIOVISUAIS E PRODUÇÃO DE MÍDIA;2;HUMANIDADES E ARTES;Humanities and Arts;21;ARTES;Arts;210;ARTES (CURSO GERAIS);Arts (general);
higher_education;2010;214;DESIGN E ESTILISMO;2;HUMANIDADES E ARTES;Humanities and Arts;21;ARTES;Arts;210;ARTES (CURSO GERAIS);Arts (general);
higher_education;2010;215;ARTESANATO;2;HUMANIDADES E ARTES;Humanities and Arts;21;ARTES;Arts;210;ARTES (CURSO GERAIS);Arts (general);
higher_education;2000;68;Outros de Ciências Humanas e Sociais - Graduação;2;HUMANIDADES E ARTES;Humanities and Arts;22;HUMANIDADES E LETRAS;Humanities;220;HUMANIDADES E LETRAS (CURSO GERAIS);Humanities and languages (general);
higher_education;2000;79;Outros de Ciências Humanas e Sociais - Mestrado ou Doutorado;2;HUMANIDADES E ARTES;Humanities and Arts;22;HUMANIDADES E LETRAS;Humanities;220;HUMANIDADES E LETRAS (CURSO GERAIS);Humanities and languages (general);
higher_education;1980;81;Outros de humanas (inclui: Museologia, Arqueologia, etc.);2;HUMANIDADES E ARTES;Humanities and Arts;22;HUMANIDADES E LETRAS;Humanities;220;HUMANIDADES E LETRAS (CURSO GERAIS);Humanities and languages (general);
higher_education;1991;81;Outros de Humanas;2;HUMANIDADES E ARTES;Humanities and Arts;22;HUMANIDADES E LETRAS;Humanities;220;HUMANIDADES E LETRAS (CURSO GERAIS);Humanities and languages (general);
higher_education;2000;83;Outros de Letras e Artes - Graduação;2;HUMANIDADES E ARTES;Humanities and Arts;22;HUMANIDADES E LETRAS;Humanities;220;HUMANIDADES E LETRAS (CURSO GERAIS);Humanities and languages (general);
higher_education;1980;95;Mestrado ou Doutorado - Outros (Ciências Humanas e Sociais);2;HUMANIDADES E ARTES;Humanities and Arts;22;HUMANIDADES E LETRAS;Humanities;220;HUMANIDADES E LETRAS (CURSO GERAIS);Humanities and languages (general);
higher_education;1991;95;Mestrado ou Doutorado - Outros (Ciências Humanas e Sociais);2;HUMANIDADES E ARTES;Humanities and Arts;22;HUMANIDADES E LETRAS;Humanities;220;HUMANIDADES E LETRAS (CURSO GERAIS);Humanities and languages (general);
higher_education;1980;96;Letras e Artes - Mestrado ou Doutorado;2;HUMANIDADES E ARTES;Humanities and Arts;22;HUMANIDADES E LETRAS;Humanities;220;HUMANIDADES E LETRAS (CURSO GERAIS);Humanities and languages (general);
higher_education;1991;96;Letras e Artes - Mestrado ou Doutorado;2;HUMANIDADES E ARTES;Humanities and Arts;22;HUMANIDADES E LETRAS;Humanities;220;HUMANIDADES E LETRAS (CURSO GERAIS);Humanities and languages (general);
higher_education;2010;220;HUMANIDADES E LETRAS (CURSO GERAIS);2;HUMANIDADES E ARTES;Humanities and Arts;22;HUMANIDADES E LETRAS;Humanities;220;HUMANIDADES E LETRAS (CURSO GERAIS);Humanities and languages (general);
higher_education;2000;67;Teologia - Graduação;2;HUMANIDADES E ARTES;Humanities and Arts;22;HUMANIDADES E LETRAS;Humanities;221;RELIGIÃO;Religion and theology;
higher_education;1980;80;sacerdote - superior;2;HUMANIDADES E ARTES;Humanities and Arts;22;HUMANIDADES E LETRAS;Humanities;221;RELIGIÃO;Religion and theology;
higher_education;1991;80;Teologia;2;HUMANIDADES E ARTES;Humanities and Arts;22;HUMANIDADES E LETRAS;Humanities;221;RELIGIÃO;Religion and theology;
higher_education;2010;221;RELIGIÃO;2;HUMANIDADES E ARTES;Humanities and Arts;22;HUMANIDADES E LETRAS;Humanities;221;RELIGIÃO;Religion and theology;
higher_education;2000;81;Letras - Graduação;2;HUMANIDADES E ARTES;Humanities and Arts;22;HUMANIDADES E LETRAS;Humanities;223;LÍNGUA MATERNA (VERNÁCULA);Language and Linguistics;
higher_education;1980;82;Letras (inclui: Tradução, lnterprete, Linguística) ;2;HUMANIDADES E ARTES;Humanities and Arts;22;HUMANIDADES E LETRAS;Humanities;223;LÍNGUA MATERNA (VERNÁCULA);Language and Linguistics;
higher_education;1991;82;Letras (inclui: Tradução, lnterprete, Linguística) ;2;HUMANIDADES E ARTES;Humanities and Arts;22;HUMANIDADES E LETRAS;Humanities;223;LÍNGUA MATERNA (VERNÁCULA);Language and Linguistics;
higher_education;2000;89;Letras e Artes - Mestrado ou Doutorado;2;HUMANIDADES E ARTES;Humanities and Arts;22;HUMANIDADES E LETRAS;Humanities;223;LÍNGUA MATERNA (VERNÁCULA);Language and Linguistics;
higher_education;2010;222;LÍNGUAS E CULTURAS ESTRANGEIRAS;2;HUMANIDADES E ARTES;Humanities and Arts;22;HUMANIDADES E LETRAS;Humanities;223;LÍNGUA MATERNA (VERNÁCULA);Language and Linguistics;
higher_education;2010;223;LÍNGUA MATERNA (VERNÁCULA);2;HUMANIDADES E ARTES;Humanities and Arts;22;HUMANIDADES E LETRAS;Humanities;223;LÍNGUA MATERNA (VERNÁCULA);Language and Linguistics;
higher_education;2000;61;Geografia - Graduação;2;HUMANIDADES E ARTES;Humanities and Arts;22;HUMANIDADES E LETRAS;Humanities;225;HISTÓRIA E ARQUEOLOGIA;History and Archaeology;
higher_education;2000;62;História - Graduação;2;HUMANIDADES E ARTES;Humanities and Arts;22;HUMANIDADES E LETRAS;Humanities;225;HISTÓRIA E ARQUEOLOGIA;History and Archaeology;
higher_education;1980;75;geografia - bacharelado;2;HUMANIDADES E ARTES;Humanities and Arts;22;HUMANIDADES E LETRAS;Humanities;225;HISTÓRIA E ARQUEOLOGIA;History and Archaeology;
higher_education;1991;75;Geografia;2;HUMANIDADES E ARTES;Humanities and Arts;22;HUMANIDADES E LETRAS;Humanities;225;HISTÓRIA E ARQUEOLOGIA;History and Archaeology;
higher_education;1980;76;história - bacharelado;2;HUMANIDADES E ARTES;Humanities and Arts;22;HUMANIDADES E LETRAS;Humanities;225;HISTÓRIA E ARQUEOLOGIA;History and Archaeology;
higher_education;1991;76;História;2;HUMANIDADES E ARTES;Humanities and Arts;22;HUMANIDADES E LETRAS;Humanities;225;HISTÓRIA E ARQUEOLOGIA;History and Archaeology;
higher_education;2010;225;HISTÓRIA E ARQUEOLOGIA;2;HUMANIDADES E ARTES;Humanities and Arts;22;HUMANIDADES E LETRAS;Humanities;225;HISTÓRIA E ARQUEOLOGIA;History and Archaeology;
higher_education;2000;58;Filosofia - Graduação;2;HUMANIDADES E ARTES;Humanities and Arts;22;HUMANIDADES E LETRAS;Humanities;226;FILOSOFIA E ÉTICA;Philosophy and ethics;
higher_education;1980;74;filosofia - bacharelado;2;HUMANIDADES E ARTES;Humanities and Arts;22;HUMANIDADES E LETRAS;Humanities;226;FILOSOFIA E ÉTICA;Philosophy and ethics;
higher_education;1991;74;Filosofia;2;HUMANIDADES E ARTES;Humanities and Arts;22;HUMANIDADES E LETRAS;Humanities;226;FILOSOFIA E ÉTICA;Philosophy and ethics;
higher_education;2010;226;FILOSOFIA E ÉTICA;2;HUMANIDADES E ARTES;Humanities and Arts;22;HUMANIDADES E LETRAS;Humanities;226;FILOSOFIA E ÉTICA;Philosophy and ethics;
higher_education;2000;55;Ciências e Estudos Sociais - Graduação;3;CIÊNCIAS SOCIAIS, NEGÓCIOS E DIREITO;Social sciences, business and law;31;CIÊNCIAS SOCIAIS E COMPORTAMENTAIS;Social and behavioural science;310;CIÊNCIAS SOCIAIS E COMPORTAMENTAIS (CURSOS GERAIS);Social Sciences;
higher_education;1980;71;antropologia - superior;3;CIÊNCIAS SOCIAIS, NEGÓCIOS E DIREITO;Social sciences, business and law;31;CIÊNCIAS SOCIAIS E COMPORTAMENTAIS;Social and behavioural science;310;CIÊNCIAS SOCIAIS E COMPORTAMENTAIS (CURSOS GERAIS);Social Sciences;
higher_education;1991;71;Ciências e Estudos Sociais;3;CIÊNCIAS SOCIAIS, NEGÓCIOS E DIREITO;Social sciences, business and law;31;CIÊNCIAS SOCIAIS E COMPORTAMENTAIS;Social and behavioural science;310;CIÊNCIAS SOCIAIS E COMPORTAMENTAIS (CURSOS GERAIS);Social Sciences;
higher_education;2010;310;CIÊNCIAS SOCIAIS E COMPORTAMENTAIS (CURSOS GERAIS);3;CIÊNCIAS SOCIAIS, NEGÓCIOS E DIREITO;Social sciences, business and law;31;CIÊNCIAS SOCIAIS E COMPORTAMENTAIS;Social and behavioural science;310;CIÊNCIAS SOCIAIS E COMPORTAMENTAIS (CURSOS GERAIS);Social Sciences;
higher_education;2010;312;SOCIOLOGIA E ESTUDOS CULTURAIS;3;CIÊNCIAS SOCIAIS, NEGÓCIOS E DIREITO;Social sciences, business and law;31;CIÊNCIAS SOCIAIS E COMPORTAMENTAIS;Social and behavioural science;310;CIÊNCIAS SOCIAIS E COMPORTAMENTAIS (CURSOS GERAIS);Social Sciences;
higher_education;2010;313;CIÊNCIA POLÍTICA E EDUCAÇÃO CÍVICA;3;CIÊNCIAS SOCIAIS, NEGÓCIOS E DIREITO;Social sciences, business and law;31;CIÊNCIAS SOCIAIS E COMPORTAMENTAIS;Social and behavioural science;310;CIÊNCIAS SOCIAIS E COMPORTAMENTAIS (CURSOS GERAIS);Social Sciences;
higher_education;2000;65;Psicologia - Graduação;3;CIÊNCIAS SOCIAIS, NEGÓCIOS E DIREITO;Social sciences, business and law;31;CIÊNCIAS SOCIAIS E COMPORTAMENTAIS;Social and behavioural science;311;PSICOLOGIA;Psychology;
higher_education;1980;78;psicologia - bacharelado;3;CIÊNCIAS SOCIAIS, NEGÓCIOS E DIREITO;Social sciences, business and law;31;CIÊNCIAS SOCIAIS E COMPORTAMENTAIS;Social and behavioural science;311;PSICOLOGIA;Psychology;
higher_education;1991;78;Psicologia;3;CIÊNCIAS SOCIAIS, NEGÓCIOS E DIREITO;Social sciences, business and law;31;CIÊNCIAS SOCIAIS E COMPORTAMENTAIS;Social and behavioural science;311;PSICOLOGIA;Psychology;
higher_education;2010;311;PSICOLOGIA;3;CIÊNCIAS SOCIAIS, NEGÓCIOS E DIREITO;Social sciences, business and law;31;CIÊNCIAS SOCIAIS E COMPORTAMENTAIS;Social and behavioural science;311;PSICOLOGIA;Psychology;
higher_education;2000;54;Ciências Econômicas - Graduação;3;CIÊNCIAS SOCIAIS, NEGÓCIOS E DIREITO;Social sciences, business and law;31;CIÊNCIAS SOCIAIS E COMPORTAMENTAIS;Social and behavioural science;314;ECONOMIA;Economics;
higher_education;1980;70;economia - superior;3;CIÊNCIAS SOCIAIS, NEGÓCIOS E DIREITO;Social sciences, business and law;31;CIÊNCIAS SOCIAIS E COMPORTAMENTAIS;Social and behavioural science;314;ECONOMIA;Economics;
higher_education;1991;70;Ciências Econômicas;3;CIÊNCIAS SOCIAIS, NEGÓCIOS E DIREITO;Social sciences, business and law;31;CIÊNCIAS SOCIAIS E COMPORTAMENTAIS;Social and behavioural science;314;ECONOMIA;Economics;
higher_education;2000;76;Ciências Econômicas e Contábeis - Mestrado ou Doutorado;3;CIÊNCIAS SOCIAIS, NEGÓCIOS E DIREITO;Social sciences, business and law;31;CIÊNCIAS SOCIAIS E COMPORTAMENTAIS;Social and behavioural science;314;ECONOMIA;Economics;
higher_education;1980;92;economia - mestrado;3;CIÊNCIAS SOCIAIS, NEGÓCIOS E DIREITO;Social sciences, business and law;31;CIÊNCIAS SOCIAIS E COMPORTAMENTAIS;Social and behavioural science;314;ECONOMIA;Economics;
higher_education;1991;92;Mestrado ou Doutorado - Ciências Econômicas, Contábeis, etc.;3;CIÊNCIAS SOCIAIS, NEGÓCIOS E DIREITO;Social sciences, business and law;31;CIÊNCIAS SOCIAIS E COMPORTAMENTAIS;Social and behavioural science;314;ECONOMIA;Economics;
higher_education;2010;314;ECONOMIA;3;CIÊNCIAS SOCIAIS, NEGÓCIOS E DIREITO;Social sciences, business and law;31;CIÊNCIAS SOCIAIS E COMPORTAMENTAIS;Social and behavioural science;314;ECONOMIA;Economics;
higher_education;2000;56;Comunicação Social - Graduação;3;CIÊNCIAS SOCIAIS, NEGÓCIOS E DIREITO;Social sciences, business and law;32;JORNALISMO E INFORMAÇÃO;Journalism and information;320;COMUNICAÇÃO (CURSOS GERAIS OU COMBINADOS);Social Communication (general);
higher_education;2000;64;Propaganda e Marketing - Graduação;3;CIÊNCIAS SOCIAIS, NEGÓCIOS E DIREITO;Social sciences, business and law;32;JORNALISMO E INFORMAÇÃO;Journalism and information;320;COMUNICAÇÃO (CURSOS GERAIS OU COMBINADOS);Social Communication (general);
higher_education;1980;72;comunicação - superior;3;CIÊNCIAS SOCIAIS, NEGÓCIOS E DIREITO;Social sciences, business and law;32;JORNALISMO E INFORMAÇÃO;Journalism and information;320;COMUNICAÇÃO (CURSOS GERAIS OU COMBINADOS);Social Communication (general);
higher_education;1991;72;Comunicação Social;3;CIÊNCIAS SOCIAIS, NEGÓCIOS E DIREITO;Social sciences, business and law;32;JORNALISMO E INFORMAÇÃO;Journalism and information;320;COMUNICAÇÃO (CURSOS GERAIS OU COMBINADOS);Social Communication (general);
higher_education;2010;320;COMUNICAÇÃO (CURSOS GERAIS OU COMBINADOS);3;CIÊNCIAS SOCIAIS, NEGÓCIOS E DIREITO;Social sciences, business and law;32;JORNALISMO E INFORMAÇÃO;Journalism and information;320;COMUNICAÇÃO (CURSOS GERAIS OU COMBINADOS);Social Communication (general);
higher_education;2010;321;JORNALISMO E REPORTAGEM;3;CIÊNCIAS SOCIAIS, NEGÓCIOS E DIREITO;Social sciences, business and law;32;JORNALISMO E INFORMAÇÃO;Journalism and information;320;COMUNICAÇÃO (CURSOS GERAIS OU COMBINADOS);Social Communication (general);
higher_education;2010;342;MARKETING E PUBLICIDADE;3;CIÊNCIAS SOCIAIS, NEGÓCIOS E DIREITO;Social sciences, business and law;32;JORNALISMO E INFORMAÇÃO;Journalism and information;320;COMUNICAÇÃO (CURSOS GERAIS OU COMBINADOS);Social Communication (general);
higher_education;2000;52;Biblioteconomia - Graduação;3;CIÊNCIAS SOCIAIS, NEGÓCIOS E DIREITO;Social sciences, business and law;32;JORNALISMO E INFORMAÇÃO;Journalism and information;322;BIBLIOTECONOMIA, INFORMAÇÃO, ARQUIVOS;Library, information, and archival studies;
higher_education;1980;68;biblioteconomia - superior;3;CIÊNCIAS SOCIAIS, NEGÓCIOS E DIREITO;Social sciences, business and law;32;JORNALISMO E INFORMAÇÃO;Journalism and information;322;BIBLIOTECONOMIA, INFORMAÇÃO, ARQUIVOS;Library, information, and archival studies;
higher_education;1991;68;Biblioteconomia;3;CIÊNCIAS SOCIAIS, NEGÓCIOS E DIREITO;Social sciences, business and law;32;JORNALISMO E INFORMAÇÃO;Journalism and information;322;BIBLIOTECONOMIA, INFORMAÇÃO, ARQUIVOS;Library, information, and archival studies;
higher_education;2010;322;BIBLIOTECONOMIA, INFORMAÇÃO, ARQUIVOS;3;CIÊNCIAS SOCIAIS, NEGÓCIOS E DIREITO;Social sciences, business and law;32;JORNALISMO E INFORMAÇÃO;Journalism and information;322;BIBLIOTECONOMIA, INFORMAÇÃO, ARQUIVOS;Library, information, and archival studies;
higher_education;2000;53;Ciências Contábeis e Atuariais - Graduação;3;CIÊNCIAS SOCIAIS, NEGÓCIOS E DIREITO;Social sciences, business and law;34;COMÉRCIO E ADMINISTRAÇÃO;Business and administration;344;CONTABILIDADE E TRIBUTAÇÃO;Accounting and taxation;
higher_education;1980;69;contabilidade - superior;3;CIÊNCIAS SOCIAIS, NEGÓCIOS E DIREITO;Social sciences, business and law;34;COMÉRCIO E ADMINISTRAÇÃO;Business and administration;344;CONTABILIDADE E TRIBUTAÇÃO;Accounting and taxation;
higher_education;1991;69;Ciências Contábeis e Atuariais;3;CIÊNCIAS SOCIAIS, NEGÓCIOS E DIREITO;Social sciences, business and law;34;COMÉRCIO E ADMINISTRAÇÃO;Business and administration;344;CONTABILIDADE E TRIBUTAÇÃO;Accounting and taxation;
higher_education;2010;343;FINANÇAS, BANCOS, SEGUROS;3;CIÊNCIAS SOCIAIS, NEGÓCIOS E DIREITO;Social sciences, business and law;34;COMÉRCIO E ADMINISTRAÇÃO;Business and administration;344;CONTABILIDADE E TRIBUTAÇÃO;Accounting and taxation;
higher_education;2010;344;CONTABILIDADE E TRIBUTAÇÃO;3;CIÊNCIAS SOCIAIS, NEGÓCIOS E DIREITO;Social sciences, business and law;34;COMÉRCIO E ADMINISTRAÇÃO;Business and administration;344;CONTABILIDADE E TRIBUTAÇÃO;Accounting and taxation;
higher_education;2000;51;Administração - Graduação;3;CIÊNCIAS SOCIAIS, NEGÓCIOS E DIREITO;Social sciences, business and law;34;COMÉRCIO E ADMINISTRAÇÃO;Business and administration;345;GERENCIAMENTO E ADMINISTRAÇÃO;Management and administration;
higher_education;1980;67;administração - superior;3;CIÊNCIAS SOCIAIS, NEGÓCIOS E DIREITO;Social sciences, business and law;34;COMÉRCIO E ADMINISTRAÇÃO;Business and administration;345;GERENCIAMENTO E ADMINISTRAÇÃO;Management and administration;
higher_education;1991;67;Administração;3;CIÊNCIAS SOCIAIS, NEGÓCIOS E DIREITO;Social sciences, business and law;34;COMÉRCIO E ADMINISTRAÇÃO;Business and administration;345;GERENCIAMENTO E ADMINISTRAÇÃO;Management and administration;
higher_education;2000;75;Administração - Mestrado ou Doutorado;3;CIÊNCIAS SOCIAIS, NEGÓCIOS E DIREITO;Social sciences, business and law;34;COMÉRCIO E ADMINISTRAÇÃO;Business and administration;345;GERENCIAMENTO E ADMINISTRAÇÃO;Management and administration;
higher_education;1980;91;administração - mestrado;3;CIÊNCIAS SOCIAIS, NEGÓCIOS E DIREITO;Social sciences, business and law;34;COMÉRCIO E ADMINISTRAÇÃO;Business and administration;345;GERENCIAMENTO E ADMINISTRAÇÃO;Management and administration;
higher_education;1991;91;Mestrado ou Doutorado - Administração;3;CIÊNCIAS SOCIAIS, NEGÓCIOS E DIREITO;Social sciences, business and law;34;COMÉRCIO E ADMINISTRAÇÃO;Business and administration;345;GERENCIAMENTO E ADMINISTRAÇÃO;Management and administration;
higher_education;2010;340;COMÉRCIO E ADMINISTRAÇÃO(CURSO GERAIS);3;CIÊNCIAS SOCIAIS, NEGÓCIOS E DIREITO;Social sciences, business and law;34;COMÉRCIO E ADMINISTRAÇÃO;Business and administration;345;GERENCIAMENTO E ADMINISTRAÇÃO;Management and administration;
higher_education;2010;341;VENDAS EM ATACADO E VAREJO;3;CIÊNCIAS SOCIAIS, NEGÓCIOS E DIREITO;Social sciences, business and law;34;COMÉRCIO E ADMINISTRAÇÃO;Business and administration;345;GERENCIAMENTO E ADMINISTRAÇÃO;Management and administration;
higher_education;2010;345;GERENCIAMENTO E ADMINISTRAÇÃO;3;CIÊNCIAS SOCIAIS, NEGÓCIOS E DIREITO;Social sciences, business and law;34;COMÉRCIO E ADMINISTRAÇÃO;Business and administration;345;GERENCIAMENTO E ADMINISTRAÇÃO;Management and administration;
higher_education;2010;346;SECRETARIADO E TRABALHOS DE ESCRITÓRIO;3;CIÊNCIAS SOCIAIS, NEGÓCIOS E DIREITO;Social sciences, business and law;34;COMÉRCIO E ADMINISTRAÇÃO;Business and administration;345;GERENCIAMENTO E ADMINISTRAÇÃO;Management and administration;
higher_education;2010;347;VIDA PROFISSIONAL;3;CIÊNCIAS SOCIAIS, NEGÓCIOS E DIREITO;Social sciences, business and law;34;COMÉRCIO E ADMINISTRAÇÃO;Business and administration;345;GERENCIAMENTO E ADMINISTRAÇÃO;Management and administration;
higher_education;2000;57;Direito - Graduação;3;CIÊNCIAS SOCIAIS, NEGÓCIOS E DIREITO;Social sciences, business and law;38;DIREITO;Law;380;DIREITO;Law;
higher_education;1980;73;direito - superior;3;CIÊNCIAS SOCIAIS, NEGÓCIOS E DIREITO;Social sciences, business and law;38;DIREITO;Law;380;DIREITO;Law;
higher_education;1991;73;Direito;3;CIÊNCIAS SOCIAIS, NEGÓCIOS E DIREITO;Social sciences, business and law;38;DIREITO;Law;380;DIREITO;Law;
higher_education;2000;77;Direito - Mestrado ou Doutorado;3;CIÊNCIAS SOCIAIS, NEGÓCIOS E DIREITO;Social sciences, business and law;38;DIREITO;Law;380;DIREITO;Law;
higher_education;1980;93;direito - mestrado;3;CIÊNCIAS SOCIAIS, NEGÓCIOS E DIREITO;Social sciences, business and law;38;DIREITO;Law;380;DIREITO;Law;
higher_education;1991;93;Mestrado ou Doutorado - Direito;3;CIÊNCIAS SOCIAIS, NEGÓCIOS E DIREITO;Social sciences, business and law;38;DIREITO;Law;380;DIREITO;Law;
higher_education;2010;380;DIREITO;3;CIÊNCIAS SOCIAIS, NEGÓCIOS E DIREITO;Social sciences, business and law;38;DIREITO;Law;380;DIREITO;Law;
higher_education;2000;21;Biologia - Graduação;4;CIÊNCIAS, MATEMÁTICA E COMPUTAÇÃO;Science;42;CIÊNCIAS DA VIDA;Life sciences;421;BIOLOGIA E BIOQUÍMICA;Biology and Biochemistry;
higher_education;1980;43;biologia - superior;4;CIÊNCIAS, MATEMÁTICA E COMPUTAÇÃO;Science;42;CIÊNCIAS DA VIDA;Life sciences;421;BIOLOGIA E BIOQUÍMICA;Biology and Biochemistry;
higher_education;1991;43;Biologia;4;CIÊNCIAS, MATEMÁTICA E COMPUTAÇÃO;Science;42;CIÊNCIAS DA VIDA;Life sciences;421;BIOLOGIA E BIOQUÍMICA;Biology and Biochemistry;
higher_education;1980;87;biologia - mestrado;4;CIÊNCIAS, MATEMÁTICA E COMPUTAÇÃO;Science;42;CIÊNCIAS DA VIDA;Life sciences;421;BIOLOGIA E BIOQUÍMICA;Biology and Biochemistry;
higher_education;1991;87;Mestrado ou Doutorado - Outros (Biologia);4;CIÊNCIAS, MATEMÁTICA E COMPUTAÇÃO;Science;42;CIÊNCIAS DA VIDA;Life sciences;421;BIOLOGIA E BIOQUÍMICA;Biology and Biochemistry;
higher_education;2010;420;CIÊNCIAS DA VIDA (CURSO GERAIS);4;CIÊNCIAS, MATEMÁTICA E COMPUTAÇÃO;Science;42;CIÊNCIAS DA VIDA;Life sciences;421;BIOLOGIA E BIOQUÍMICA;Biology and Biochemistry;
higher_education;2010;421;BIOLOGIA E BIOQUÍMICA;4;CIÊNCIAS, MATEMÁTICA E COMPUTAÇÃO;Science;42;CIÊNCIAS DA VIDA;Life sciences;421;BIOLOGIA E BIOQUÍMICA;Biology and Biochemistry;
higher_education;2010;422;CIÊNCIAS AMBIENTAIS;4;CIÊNCIAS, MATEMÁTICA E COMPUTAÇÃO;Science;42;CIÊNCIAS DA VIDA;Life sciences;421;BIOLOGIA E BIOQUÍMICA;Biology and Biochemistry;
higher_education;2000;32;Ciências - Graduação;4;CIÊNCIAS, MATEMÁTICA E COMPUTAÇÃO;Science;44;CIÊNCIAS FÍSICAS;Physical sciences;440;CIÊNCIAS FÍSICAS (CURSO GERAIS);Physical science (general);
higher_education;2000;43;Geologia - Graduação;4;CIÊNCIAS, MATEMÁTICA E COMPUTAÇÃO;Science;44;CIÊNCIAS FÍSICAS;Physical sciences;440;CIÊNCIAS FÍSICAS (CURSO GERAIS);Physical science (general);
higher_education;2000;46;Outros de Ciências Exatas e Tecnológicas;4;CIÊNCIAS, MATEMÁTICA E COMPUTAÇÃO;Science;44;CIÊNCIAS FÍSICAS;Physical sciences;440;CIÊNCIAS FÍSICAS (CURSO GERAIS);Physical science (general);
higher_education;2000;49;Outros de Ciências Exatas e Tecnológicas;4;CIÊNCIAS, MATEMÁTICA E COMPUTAÇÃO;Science;44;CIÊNCIAS FÍSICAS;Physical sciences;440;CIÊNCIAS FÍSICAS (CURSO GERAIS);Physical science (general);
higher_education;1980;51;ciências - bacharelado;4;CIÊNCIAS, MATEMÁTICA E COMPUTAÇÃO;Science;44;CIÊNCIAS FÍSICAS;Physical sciences;440;CIÊNCIAS FÍSICAS (CURSO GERAIS);Physical science (general);
higher_education;1991;51;Ciências Exatas;4;CIÊNCIAS, MATEMÁTICA E COMPUTAÇÃO;Science;44;CIÊNCIAS FÍSICAS;Physical sciences;440;CIÊNCIAS FÍSICAS (CURSO GERAIS);Physical science (general);
higher_education;1980;60;geologia - superior;4;CIÊNCIAS, MATEMÁTICA E COMPUTAÇÃO;Science;44;CIÊNCIAS FÍSICAS;Physical sciences;440;CIÊNCIAS FÍSICAS (CURSO GERAIS);Physical science (general);
higher_education;1991;60;Geologia;4;CIÊNCIAS, MATEMÁTICA E COMPUTAÇÃO;Science;44;CIÊNCIAS FÍSICAS;Physical sciences;440;CIÊNCIAS FÍSICAS (CURSO GERAIS);Physical science (general);
higher_education;1980;63;astronomia - superior;4;CIÊNCIAS, MATEMÁTICA E COMPUTAÇÃO;Science;44;CIÊNCIAS FÍSICAS;Physical sciences;440;CIÊNCIAS FÍSICAS (CURSO GERAIS);Physical science (general);
higher_education;1991;63;Outros da Tecnologia;4;CIÊNCIAS, MATEMÁTICA E COMPUTAÇÃO;Science;44;CIÊNCIAS FÍSICAS;Physical sciences;440;CIÊNCIAS FÍSICAS (CURSO GERAIS);Physical science (general);
higher_education;1980;89;Ciencias Exatas e Tecnológicas - mestrado;4;CIÊNCIAS, MATEMÁTICA E COMPUTAÇÃO;Science;44;CIÊNCIAS FÍSICAS;Physical sciences;440;CIÊNCIAS FÍSICAS (CURSO GERAIS);Physical science (general);
higher_education;1991;89;Mestrado ou Doutorado - Outros (Ciências Tecnológicas);4;CIÊNCIAS, MATEMÁTICA E COMPUTAÇÃO;Science;44;CIÊNCIAS FÍSICAS;Physical sciences;440;CIÊNCIAS FÍSICAS (CURSO GERAIS);Physical science (general);
higher_education;2010;440;CIÊNCIAS FÍSICAS (CURSO GERAIS);4;CIÊNCIAS, MATEMÁTICA E COMPUTAÇÃO;Science;44;CIÊNCIAS FÍSICAS;Physical sciences;440;CIÊNCIAS FÍSICAS (CURSO GERAIS);Physical science (general);
higher_education;2010;443;CIÊNCIA DA TERRA;4;CIÊNCIAS, MATEMÁTICA E COMPUTAÇÃO;Science;44;CIÊNCIAS FÍSICAS;Physical sciences;440;CIÊNCIAS FÍSICAS (CURSO GERAIS);Physical science (general);
higher_education;2000;42;Física - Graduação;4;CIÊNCIAS, MATEMÁTICA E COMPUTAÇÃO;Science;44;CIÊNCIAS FÍSICAS;Physical sciences;441;FÍSICA;Physics;
higher_education;1980;59;física - bacharelado;4;CIÊNCIAS, MATEMÁTICA E COMPUTAÇÃO;Science;44;CIÊNCIAS FÍSICAS;Physical sciences;441;FÍSICA;Physics;
higher_education;1991;59;Física;4;CIÊNCIAS, MATEMÁTICA E COMPUTAÇÃO;Science;44;CIÊNCIAS FÍSICAS;Physical sciences;441;FÍSICA;Physics;
higher_education;2010;441;FÍSICA;4;CIÊNCIAS, MATEMÁTICA E COMPUTAÇÃO;Science;44;CIÊNCIAS FÍSICAS;Physical sciences;441;FÍSICA;Physics;
higher_education;2000;45;Química - Graduação;4;CIÊNCIAS, MATEMÁTICA E COMPUTAÇÃO;Science;44;CIÊNCIAS FÍSICAS;Physical sciences;442;QUÍMICA;Chemistry;
higher_education;1980;62;química - bacharelado;4;CIÊNCIAS, MATEMÁTICA E COMPUTAÇÃO;Science;44;CIÊNCIAS FÍSICAS;Physical sciences;442;QUÍMICA;Chemistry;
higher_education;1991;62;Química;4;CIÊNCIAS, MATEMÁTICA E COMPUTAÇÃO;Science;44;CIÊNCIAS FÍSICAS;Physical sciences;442;QUÍMICA;Chemistry;
higher_education;2010;442;QUÍMICA;4;CIÊNCIAS, MATEMÁTICA E COMPUTAÇÃO;Science;44;CIÊNCIAS FÍSICAS;Physical sciences;442;QUÍMICA;Chemistry;
higher_education;2000;44;Matemática - Graduação;4;CIÊNCIAS, MATEMÁTICA E COMPUTAÇÃO;Science;46;MATEMÁTICA E ESTATÍSTICA;"Mathematics and statistics
";461;MATEMÁTICA;Mathematics;
higher_education;1980;61;matemática - bacharelado;4;CIÊNCIAS, MATEMÁTICA E COMPUTAÇÃO;Science;46;MATEMÁTICA E ESTATÍSTICA;"Mathematics and statistics
";461;MATEMÁTICA;Mathematics;
higher_education;1991;61;Matemática;4;CIÊNCIAS, MATEMÁTICA E COMPUTAÇÃO;Science;46;MATEMÁTICA E ESTATÍSTICA;"Mathematics and statistics
";461;MATEMÁTICA;Mathematics;
higher_education;2010;461;MATEMÁTICA;4;CIÊNCIAS, MATEMÁTICA E COMPUTAÇÃO;Science;46;MATEMÁTICA E ESTATÍSTICA;"Mathematics and statistics
";461;MATEMÁTICA;Mathematics;
higher_education;2000;41;Estatística - Graduação;4;CIÊNCIAS, MATEMÁTICA E COMPUTAÇÃO;Science;46;MATEMÁTICA E ESTATÍSTICA;"Mathematics and statistics
";462;ESTATÍSTICA;Statistics;
higher_education;1980;58;estatística - superior;4;CIÊNCIAS, MATEMÁTICA E COMPUTAÇÃO;Science;46;MATEMÁTICA E ESTATÍSTICA;"Mathematics and statistics
";462;ESTATÍSTICA;Statistics;
higher_education;1991;58;Estatística;4;CIÊNCIAS, MATEMÁTICA E COMPUTAÇÃO;Science;46;MATEMÁTICA E ESTATÍSTICA;"Mathematics and statistics
";462;ESTATÍSTICA;Statistics;
higher_education;2010;462;ESTATÍSTICA;4;CIÊNCIAS, MATEMÁTICA E COMPUTAÇÃO;Science;46;MATEMÁTICA E ESTATÍSTICA;"Mathematics and statistics
";462;ESTATÍSTICA;Statistics;
higher_education;2000;33;Ciências da Computação - Graduação;4;CIÊNCIAS, MATEMÁTICA E COMPUTAÇÃO;Science;48;COMPUTAÇÃO;Computing;481;CIÊNCIA DA COMPUTAÇÃO;Computer science;
higher_education;1980;52;computação - bacharelado;4;CIÊNCIAS, MATEMÁTICA E COMPUTAÇÃO;Science;48;COMPUTAÇÃO;Computing;481;CIÊNCIA DA COMPUTAÇÃO;Computer science;
higher_education;1991;52;Ciências da Computação;4;CIÊNCIAS, MATEMÁTICA E COMPUTAÇÃO;Science;48;COMPUTAÇÃO;Computing;481;CIÊNCIA DA COMPUTAÇÃO;Computer science;
higher_education;2010;481;CIÊNCIA DA COMPUTAÇÃO;4;CIÊNCIAS, MATEMÁTICA E COMPUTAÇÃO;Science;48;COMPUTAÇÃO;Computing;481;CIÊNCIA DA COMPUTAÇÃO;Computer science;
higher_education;2010;482;USO DO COMPUTADOR;4;CIÊNCIAS, MATEMÁTICA E COMPUTAÇÃO;Science;48;COMPUTAÇÃO;Computing;481;CIÊNCIA DA COMPUTAÇÃO;Computer science;
higher_education;2010;483;PROCESSAMENTO DA INFORMAÇÃO;4;CIÊNCIAS, MATEMÁTICA E COMPUTAÇÃO;Science;48;COMPUTAÇÃO;Computing;481;CIÊNCIA DA COMPUTAÇÃO;Computer science;
higher_education;2000;38;Outros cursos de Engenharia - Graduação;5;ENGENHARIA, PRODUÇÃO E CONSTRUÇÃO;Engineering, manufacturing and construction;52;ENGENHARIA E PROFISSÕES CORRELATAS;Engineering and engineering trades;520;ENGENHARIA E PROFISSÕES DE ENGENHARIA (CURSOS GERAIS);Engineering and engineering trades (general);
higher_education;2000;39;Engenharia - Mestrado ou Doutorado;5;ENGENHARIA, PRODUÇÃO E CONSTRUÇÃO;Engineering, manufacturing and construction;52;ENGENHARIA E PROFISSÕES CORRELATAS;Engineering and engineering trades;520;ENGENHARIA E PROFISSÕES DE ENGENHARIA (CURSOS GERAIS);Engineering and engineering trades (general);
higher_education;1980;57;topografia - superior;5;ENGENHARIA, PRODUÇÃO E CONSTRUÇÃO;Engineering, manufacturing and construction;52;ENGENHARIA E PROFISSÕES CORRELATAS;Engineering and engineering trades;520;ENGENHARIA E PROFISSÕES DE ENGENHARIA (CURSOS GERAIS);Engineering and engineering trades (general);
higher_education;1991;57;Engenharia não classificada ou mal definida;5;ENGENHARIA, PRODUÇÃO E CONSTRUÇÃO;Engineering, manufacturing and construction;52;ENGENHARIA E PROFISSÕES CORRELATAS;Engineering and engineering trades;520;ENGENHARIA E PROFISSÕES DE ENGENHARIA (CURSOS GERAIS);Engineering and engineering trades (general);
higher_education;1980;88;engenharia - mestrado;5;ENGENHARIA, PRODUÇÃO E CONSTRUÇÃO;Engineering, manufacturing and construction;52;ENGENHARIA E PROFISSÕES CORRELATAS;Engineering and engineering trades;520;ENGENHARIA E PROFISSÕES DE ENGENHARIA (CURSOS GERAIS);Engineering and engineering trades (general);
higher_education;1991;88;Mestrado ou Doutorado - Engenharia;5;ENGENHARIA, PRODUÇÃO E CONSTRUÇÃO;Engineering, manufacturing and construction;52;ENGENHARIA E PROFISSÕES CORRELATAS;Engineering and engineering trades;520;ENGENHARIA E PROFISSÕES DE ENGENHARIA (CURSOS GERAIS);Engineering and engineering trades (general);
higher_education;2010;520;ENGENHARIA E PROFISSÕES DE ENGENHARIA (CURSOS GERAIS);5;ENGENHARIA, PRODUÇÃO E CONSTRUÇÃO;Engineering, manufacturing and construction;52;ENGENHARIA E PROFISSÕES CORRELATAS;Engineering and engineering trades;520;ENGENHARIA E PROFISSÕES DE ENGENHARIA (CURSOS GERAIS);Engineering and engineering trades (general);
higher_education;2010;540;FABRICAÇÃO E PROCESSAMENTO (CURSOS GERAIS);5;ENGENHARIA, PRODUÇÃO E CONSTRUÇÃO;Engineering, manufacturing and construction;52;ENGENHARIA E PROFISSÕES CORRELATAS;Engineering and engineering trades;520;ENGENHARIA E PROFISSÕES DE ENGENHARIA (CURSOS GERAIS);Engineering and engineering trades (general);
higher_education;2010;542;TÊXTEIS, ROUPAS, CALÇADOS, COURO;5;ENGENHARIA, PRODUÇÃO E CONSTRUÇÃO;Engineering, manufacturing and construction;52;ENGENHARIA E PROFISSÕES CORRELATAS;Engineering and engineering trades;520;ENGENHARIA E PROFISSÕES DE ENGENHARIA (CURSOS GERAIS);Engineering and engineering trades (general);
higher_education;2010;543;MATERIAIS (MADEIRA, PAPEL, PLÁSTICO, VIDRO);5;ENGENHARIA, PRODUÇÃO E CONSTRUÇÃO;Engineering, manufacturing and construction;52;ENGENHARIA E PROFISSÕES CORRELATAS;Engineering and engineering trades;520;ENGENHARIA E PROFISSÕES DE ENGENHARIA (CURSOS GERAIS);Engineering and engineering trades (general);
higher_education;2000;36;Engenharia Mecânica - Graduação;5;ENGENHARIA, PRODUÇÃO E CONSTRUÇÃO;Engineering, manufacturing and construction;52;ENGENHARIA E PROFISSÕES CORRELATAS;Engineering and engineering trades;521;ENGENHARIA MECÂNICA E METALURGIA;Mechanics and metal work;
higher_education;1980;55;engenharia - superior;5;ENGENHARIA, PRODUÇÃO E CONSTRUÇÃO;Engineering, manufacturing and construction;52;ENGENHARIA E PROFISSÕES CORRELATAS;Engineering and engineering trades;521;ENGENHARIA MECÂNICA E METALURGIA;Mechanics and metal work;
higher_education;1991;55;Engenharia Mecânica;5;ENGENHARIA, PRODUÇÃO E CONSTRUÇÃO;Engineering, manufacturing and construction;52;ENGENHARIA E PROFISSÕES CORRELATAS;Engineering and engineering trades;521;ENGENHARIA MECÂNICA E METALURGIA;Mechanics and metal work;
higher_education;2010;521;ENGENHARIA MECÂNICA E METALURGIA;5;ENGENHARIA, PRODUÇÃO E CONSTRUÇÃO;Engineering, manufacturing and construction;52;ENGENHARIA E PROFISSÕES CORRELATAS;Engineering and engineering trades;521;ENGENHARIA MECÂNICA E METALURGIA;Mechanics and metal work;
higher_education;2010;525;VEÍCULOS A MOTOR, CONSTRUÇÃO NAVAL E AERONÁUTICA;5;ENGENHARIA, PRODUÇÃO E CONSTRUÇÃO;Engineering, manufacturing and construction;52;ENGENHARIA E PROFISSÕES CORRELATAS;Engineering and engineering trades;521;ENGENHARIA MECÂNICA E METALURGIA;Mechanics and metal work;
higher_education;2010;544;MINERAÇÃO E EXTRAÇÃO;5;ENGENHARIA, PRODUÇÃO E CONSTRUÇÃO;Engineering, manufacturing and construction;52;ENGENHARIA E PROFISSÕES CORRELATAS;Engineering and engineering trades;521;ENGENHARIA MECÂNICA E METALURGIA;Mechanics and metal work;
higher_education;2010;554;RECURSOS MINERAIS;5;ENGENHARIA, PRODUÇÃO E CONSTRUÇÃO;Engineering, manufacturing and construction;52;ENGENHARIA E PROFISSÕES CORRELATAS;Engineering and engineering trades;521;ENGENHARIA MECÂNICA E METALURGIA;Mechanics and metal work;
higher_education;2000;35;Engenharia Elétrica e Eletrônica - Graduação;5;ENGENHARIA, PRODUÇÃO E CONSTRUÇÃO;Engineering, manufacturing and construction;52;ENGENHARIA E PROFISSÕES CORRELATAS;Engineering and engineering trades;522;ELETRICIDADE E ENERGIA;Electricity and energy;
higher_education;1980;54;eletricidade - superior;5;ENGENHARIA, PRODUÇÃO E CONSTRUÇÃO;Engineering, manufacturing and construction;52;ENGENHARIA E PROFISSÕES CORRELATAS;Engineering and engineering trades;522;ELETRICIDADE E ENERGIA;Electricity and energy;
higher_education;1991;54;Engenharia Elétrica e Eletrônica;5;ENGENHARIA, PRODUÇÃO E CONSTRUÇÃO;Engineering, manufacturing and construction;52;ENGENHARIA E PROFISSÕES CORRELATAS;Engineering and engineering trades;522;ELETRICIDADE E ENERGIA;Electricity and energy;
higher_education;2010;522;ELETRICIDADE E ENERGIA;5;ENGENHARIA, PRODUÇÃO E CONSTRUÇÃO;Engineering, manufacturing and construction;52;ENGENHARIA E PROFISSÕES CORRELATAS;Engineering and engineering trades;522;ELETRICIDADE E ENERGIA;Electricity and energy;
higher_education;2010;523;ELETRÔNICA E AUTOMAÇÃO;5;ENGENHARIA, PRODUÇÃO E CONSTRUÇÃO;Engineering, manufacturing and construction;52;ENGENHARIA E PROFISSÕES CORRELATAS;Engineering and engineering trades;522;ELETRICIDADE E ENERGIA;Electricity and energy;
higher_education;2000;37;Engenharia Química e Industrial - Graduação;5;ENGENHARIA, PRODUÇÃO E CONSTRUÇÃO;Engineering, manufacturing and construction;52;ENGENHARIA E PROFISSÕES CORRELATAS;Engineering and engineering trades;524;QUÍMICA E ENGENHARIA DE PROCESSOS;Chemical and process;
higher_education;1980;56;química - superior;5;ENGENHARIA, PRODUÇÃO E CONSTRUÇÃO;Engineering, manufacturing and construction;52;ENGENHARIA E PROFISSÕES CORRELATAS;Engineering and engineering trades;524;QUÍMICA E ENGENHARIA DE PROCESSOS;Chemical and process;
higher_education;1991;56;Engenharia Química e Química Industrial;5;ENGENHARIA, PRODUÇÃO E CONSTRUÇÃO;Engineering, manufacturing and construction;52;ENGENHARIA E PROFISSÕES CORRELATAS;Engineering and engineering trades;524;QUÍMICA E ENGENHARIA DE PROCESSOS;Chemical and process;
higher_education;2010;524;QUÍMICA E ENGENHARIA DE PROCESSOS;5;ENGENHARIA, PRODUÇÃO E CONSTRUÇÃO;Engineering, manufacturing and construction;52;ENGENHARIA E PROFISSÕES CORRELATAS;Engineering and engineering trades;524;QUÍMICA E ENGENHARIA DE PROCESSOS;Chemical and process;
higher_education;2010;541;PROCESSAMENTO DE ALIMENTOS;5;ENGENHARIA, PRODUÇÃO E CONSTRUÇÃO;Engineering, manufacturing and construction;52;ENGENHARIA E PROFISSÕES CORRELATAS;Engineering and engineering trades;524;QUÍMICA E ENGENHARIA DE PROCESSOS;Chemical and process;
higher_education;2000;31;Arquitetura e Urbanismo - Graduação;5;ENGENHARIA, PRODUÇÃO E CONSTRUÇÃO;Engineering, manufacturing and construction;58;ARQUITETURA E CONSTRUÇÃO;Architecture and building;581;ARQUITETURA E URBANISMO;Architecture and town planning;
higher_education;1980;50;arquitetura - superior;5;ENGENHARIA, PRODUÇÃO E CONSTRUÇÃO;Engineering, manufacturing and construction;58;ARQUITETURA E CONSTRUÇÃO;Architecture and building;581;ARQUITETURA E URBANISMO;Architecture and town planning;
higher_education;1991;50;Arquitetura e Urbanismo;5;ENGENHARIA, PRODUÇÃO E CONSTRUÇÃO;Engineering, manufacturing and construction;58;ARQUITETURA E CONSTRUÇÃO;Architecture and building;581;ARQUITETURA E URBANISMO;Architecture and town planning;
higher_education;2010;581;ARQUITETURA E URBANISMO;5;ENGENHARIA, PRODUÇÃO E CONSTRUÇÃO;Engineering, manufacturing and construction;58;ARQUITETURA E CONSTRUÇÃO;Architecture and building;581;ARQUITETURA E URBANISMO;Architecture and town planning;
higher_education;2000;34;Engenharia Civil - Graduação;5;ENGENHARIA, PRODUÇÃO E CONSTRUÇÃO;Engineering, manufacturing and construction;58;ARQUITETURA E CONSTRUÇÃO;Architecture and building;582;ENGENHARIA CIVIL E DE CONSTRUÇÃO;Building and civil engineering;
higher_education;1980;53;engenharia - superior;5;ENGENHARIA, PRODUÇÃO E CONSTRUÇÃO;Engineering, manufacturing and construction;58;ARQUITETURA E CONSTRUÇÃO;Architecture and building;582;ENGENHARIA CIVIL E DE CONSTRUÇÃO;Building and civil engineering;
higher_education;1991;53;Engenharia Civil;5;ENGENHARIA, PRODUÇÃO E CONSTRUÇÃO;Engineering, manufacturing and construction;58;ARQUITETURA E CONSTRUÇÃO;Architecture and building;582;ENGENHARIA CIVIL E DE CONSTRUÇÃO;Building and civil engineering;
higher_education;2010;582;ENGENHARIA CIVIL E DE CONSTRUÇÃO;5;ENGENHARIA, PRODUÇÃO E CONSTRUÇÃO;Engineering, manufacturing and construction;58;ARQUITETURA E CONSTRUÇÃO;Architecture and building;582;ENGENHARIA CIVIL E DE CONSTRUÇÃO;Building and civil engineering;
higher_education;2000;11;Agronomia - Graduação;6;AGRICULTURA E VETERINÁRIA;Agriculture;62;AGRICULTURA, FLORESTAS E RECURSOS PESQUEIROS;Agriculture, forestry and fishery;620;AGRICULTURA, SILVICULTURA, RECURSOS PESQUEIROS (CURSOS GERAIS);Agriculture (general);
higher_education;2000;13;Outros de Ciências Agrárias - Graduação;6;AGRICULTURA E VETERINÁRIA;Agriculture;62;AGRICULTURA, FLORESTAS E RECURSOS PESQUEIROS;Agriculture, forestry and fishery;620;AGRICULTURA, SILVICULTURA, RECURSOS PESQUEIROS (CURSOS GERAIS);Agriculture (general);
higher_education;2000;19;Ciências Agrárias - Mestrado ou Doutorado;6;AGRICULTURA E VETERINÁRIA;Agriculture;62;AGRICULTURA, FLORESTAS E RECURSOS PESQUEIROS;Agriculture, forestry and fishery;620;AGRICULTURA, SILVICULTURA, RECURSOS PESQUEIROS (CURSOS GERAIS);Agriculture (general);
higher_education;1980;64;agrícola - superior;6;AGRICULTURA E VETERINÁRIA;Agriculture;62;AGRICULTURA, FLORESTAS E RECURSOS PESQUEIROS;Agriculture, forestry and fishery;620;AGRICULTURA, SILVICULTURA, RECURSOS PESQUEIROS (CURSOS GERAIS);Agriculture (general);
higher_education;1991;64;Agronomia;6;AGRICULTURA E VETERINÁRIA;Agriculture;62;AGRICULTURA, FLORESTAS E RECURSOS PESQUEIROS;Agriculture, forestry and fishery;620;AGRICULTURA, SILVICULTURA, RECURSOS PESQUEIROS (CURSOS GERAIS);Agriculture (general);
higher_education;1980;66;agrimensura - superior;6;AGRICULTURA E VETERINÁRIA;Agriculture;62;AGRICULTURA, FLORESTAS E RECURSOS PESQUEIROS;Agriculture, forestry and fishery;620;AGRICULTURA, SILVICULTURA, RECURSOS PESQUEIROS (CURSOS GERAIS);Agriculture (general);
higher_education;1991;66;Outros agrários;6;AGRICULTURA E VETERINÁRIA;Agriculture;62;AGRICULTURA, FLORESTAS E RECURSOS PESQUEIROS;Agriculture, forestry and fishery;620;AGRICULTURA, SILVICULTURA, RECURSOS PESQUEIROS (CURSOS GERAIS);Agriculture (general);
higher_education;1980;90;agronomia - mestrado;6;AGRICULTURA E VETERINÁRIA;Agriculture;62;AGRICULTURA, FLORESTAS E RECURSOS PESQUEIROS;Agriculture, forestry and fishery;620;AGRICULTURA, SILVICULTURA, RECURSOS PESQUEIROS (CURSOS GERAIS);Agriculture (general);
higher_education;1991;90;Mestrado ou Doutorado - Ciências Agrárias;6;AGRICULTURA E VETERINÁRIA;Agriculture;62;AGRICULTURA, FLORESTAS E RECURSOS PESQUEIROS;Agriculture, forestry and fishery;620;AGRICULTURA, SILVICULTURA, RECURSOS PESQUEIROS (CURSOS GERAIS);Agriculture (general);
higher_education;2010;620;AGRICULTURA, SILVICULTURA, RECURSOS PESQUEIROS (CURSOS GERAIS);6;AGRICULTURA E VETERINÁRIA;Agriculture;62;AGRICULTURA, FLORESTAS E RECURSOS PESQUEIROS;Agriculture, forestry and fishery;620;AGRICULTURA, SILVICULTURA, RECURSOS PESQUEIROS (CURSOS GERAIS);Agriculture (general);
higher_education;2010;621;PRODUÇÃO AGRÍCOLA E PECUÁRIA;6;AGRICULTURA E VETERINÁRIA;Agriculture;62;AGRICULTURA, FLORESTAS E RECURSOS PESQUEIROS;Agriculture, forestry and fishery;620;AGRICULTURA, SILVICULTURA, RECURSOS PESQUEIROS (CURSOS GERAIS);Agriculture (general);
higher_education;2010;622;HORTICULTURA;6;AGRICULTURA E VETERINÁRIA;Agriculture;62;AGRICULTURA, FLORESTAS E RECURSOS PESQUEIROS;Agriculture, forestry and fishery;620;AGRICULTURA, SILVICULTURA, RECURSOS PESQUEIROS (CURSOS GERAIS);Agriculture (general);
higher_education;2010;623;ENGENHARIA FLORESTAL – SILVICULTURA;6;AGRICULTURA E VETERINÁRIA;Agriculture;62;AGRICULTURA, FLORESTAS E RECURSOS PESQUEIROS;Agriculture, forestry and fishery;620;AGRICULTURA, SILVICULTURA, RECURSOS PESQUEIROS (CURSOS GERAIS);Agriculture (general);
higher_education;2010;624;RECURSO PESQUEIROS;6;AGRICULTURA E VETERINÁRIA;Agriculture;62;AGRICULTURA, FLORESTAS E RECURSOS PESQUEIROS;Agriculture, forestry and fishery;620;AGRICULTURA, SILVICULTURA, RECURSOS PESQUEIROS (CURSOS GERAIS);Agriculture (general);
higher_education;2000;12;Medicina Veterinária - Graduação;6;AGRICULTURA E VETERINÁRIA;Agriculture;64;VETERINÁRIA;Veterinary;641;VETERINÁRIA;Veterinary;
higher_education;1980;65;veterinária - superior;6;AGRICULTURA E VETERINÁRIA;Agriculture;64;VETERINÁRIA;Veterinary;641;VETERINÁRIA;Veterinary;
higher_education;1991;65;Medicina Veterinária;6;AGRICULTURA E VETERINÁRIA;Agriculture;64;VETERINÁRIA;Veterinary;641;VETERINÁRIA;Veterinary;
higher_education;2010;641;VETERINÁRIA;6;AGRICULTURA E VETERINÁRIA;Agriculture;64;VETERINÁRIA;Veterinary;641;VETERINÁRIA;Veterinary;
higher_education;2000;27;Outros de Ciências Biológicas e da Saúde - Graduação;7;SAÚDE E BEM ESTAR SOCIAL;Health and welfare;72;SAÚDE;Health;720;SAÚDE (CURSO GERAIS);Health (general);
higher_education;2000;29;Outros de Ciências Biológicas e da Saúde - Mestrado ou Doutorado;7;SAÚDE E BEM ESTAR SOCIAL;Health and welfare;72;SAÚDE;Health;720;SAÚDE (CURSO GERAIS);Health (general);
higher_education;1980;49;nutrição - superior;7;SAÚDE E BEM ESTAR SOCIAL;Health and welfare;72;SAÚDE;Health;720;SAÚDE (CURSO GERAIS);Health (general);
higher_education;1991;49;Outros da Biologia;7;SAÚDE E BEM ESTAR SOCIAL;Health and welfare;72;SAÚDE;Health;720;SAÚDE (CURSO GERAIS);Health (general);
higher_education;2010;720;SAÚDE (CURSO GERAIS);7;SAÚDE E BEM ESTAR SOCIAL;Health and welfare;72;SAÚDE;Health;720;SAÚDE (CURSO GERAIS);Health (general);
higher_education;2010;725;TECNOLOGIAS DE DIAGNÓSTICO E TRATAMENTO MÉDICO;7;SAÚDE E BEM ESTAR SOCIAL;Health and welfare;72;SAÚDE;Health;720;SAÚDE (CURSO GERAIS);Health (general);
higher_education;2010;726;TERAPIA E REABILITAÇÃO;7;SAÚDE E BEM ESTAR SOCIAL;Health and welfare;72;SAÚDE;Health;720;SAÚDE (CURSO GERAIS);Health (general);
higher_education;2000;25;Medicina - Graduação;7;SAÚDE E BEM ESTAR SOCIAL;Health and welfare;72;SAÚDE;Health;721;MEDICINA;Medicine;
higher_education;2000;28;Medicina - Mestrado ou Doutorado;7;SAÚDE E BEM ESTAR SOCIAL;Health and welfare;72;SAÚDE;Health;721;MEDICINA;Medicine;
higher_education;1980;47;medicina - superior;7;SAÚDE E BEM ESTAR SOCIAL;Health and welfare;72;SAÚDE;Health;721;MEDICINA;Medicine;
higher_education;1991;47;Medicina;7;SAÚDE E BEM ESTAR SOCIAL;Health and welfare;72;SAÚDE;Health;721;MEDICINA;Medicine;
higher_education;1980;86;medicina - mestrado;7;SAÚDE E BEM ESTAR SOCIAL;Health and welfare;72;SAÚDE;Health;721;MEDICINA;Medicine;
higher_education;1991;86;Mestrado ou Doutorado - Medicina;7;SAÚDE E BEM ESTAR SOCIAL;Health and welfare;72;SAÚDE;Health;721;MEDICINA;Medicine;
higher_education;2010;721;MEDICINA;7;SAÚDE E BEM ESTAR SOCIAL;Health and welfare;72;SAÚDE;Health;721;MEDICINA;Medicine;
higher_education;2000;23;Enfermagem - Graduação;7;SAÚDE E BEM ESTAR SOCIAL;Health and welfare;72;SAÚDE;Health;723;ENFERMAGEM E ATENÇÃO PRIMÁRIA;Nursing;
higher_education;1980;45;enfermagem - superior;7;SAÚDE E BEM ESTAR SOCIAL;Health and welfare;72;SAÚDE;Health;723;ENFERMAGEM E ATENÇÃO PRIMÁRIA;Nursing;
higher_education;1991;45;Enfermagem;7;SAÚDE E BEM ESTAR SOCIAL;Health and welfare;72;SAÚDE;Health;723;ENFERMAGEM E ATENÇÃO PRIMÁRIA;Nursing;
higher_education;2010;723;ENFERMAGEM E ATENÇÃO PRIMÁRIA;7;SAÚDE E BEM ESTAR SOCIAL;Health and welfare;72;SAÚDE;Health;723;ENFERMAGEM E ATENÇÃO PRIMÁRIA;Nursing;
higher_education;2000;26;Odontologia - Graduação;7;SAÚDE E BEM ESTAR SOCIAL;Health and welfare;72;SAÚDE;Health;724;ODONTOLOGIA;Dental studies;
higher_education;1980;48;dentista- superior;7;SAÚDE E BEM ESTAR SOCIAL;Health and welfare;72;SAÚDE;Health;724;ODONTOLOGIA;Dental studies;
higher_education;1991;48;Odontologia;7;SAÚDE E BEM ESTAR SOCIAL;Health and welfare;72;SAÚDE;Health;724;ODONTOLOGIA;Dental studies;
higher_education;2010;724;ODONTOLOGIA;7;SAÚDE E BEM ESTAR SOCIAL;Health and welfare;72;SAÚDE;Health;724;ODONTOLOGIA;Dental studies;
higher_education;2000;24;Farmácia - Graduação;7;SAÚDE E BEM ESTAR SOCIAL;Health and welfare;72;SAÚDE;Health;727;FARMÁCIA;Pharmacy;
higher_education;1980;46;farmácia - superior;7;SAÚDE E BEM ESTAR SOCIAL;Health and welfare;72;SAÚDE;Health;727;FARMÁCIA;Pharmacy;
higher_education;1991;46;Farmácia;7;SAÚDE E BEM ESTAR SOCIAL;Health and welfare;72;SAÚDE;Health;727;FARMÁCIA;Pharmacy;
higher_education;2010;727;FARMÁCIA;7;SAÚDE E BEM ESTAR SOCIAL;Health and welfare;72;SAÚDE;Health;727;FARMÁCIA;Pharmacy;
higher_education;2000;66;Serviço Social - Graduação;7;SAÚDE E BEM ESTAR SOCIAL;Health and welfare;76;SERVIÇO SOCIAL;Social services;762;SERVIÇO SOCIAL E ORIENTAÇÃO;Social work and counselling;
higher_education;1980;79;serviço social - superior;7;SAÚDE E BEM ESTAR SOCIAL;Health and welfare;76;SERVIÇO SOCIAL;Social services;762;SERVIÇO SOCIAL E ORIENTAÇÃO;Social work and counselling;
higher_education;1991;79;Servico Social;7;SAÚDE E BEM ESTAR SOCIAL;Health and welfare;76;SERVIÇO SOCIAL;Social services;762;SERVIÇO SOCIAL E ORIENTAÇÃO;Social work and counselling;
higher_education;2010;761;ATENDIMENTO À CRIANÇA E SERVIÇOS AOS JOVENS;7;SAÚDE E BEM ESTAR SOCIAL;Health and welfare;76;SERVIÇO SOCIAL;Social services;762;SERVIÇO SOCIAL E ORIENTAÇÃO;Social work and counselling;
higher_education;2010;762;SERVIÇO SOCIAL E ORIENTAÇÃO;7;SAÚDE E BEM ESTAR SOCIAL;Health and welfare;76;SERVIÇO SOCIAL;Social services;762;SERVIÇO SOCIAL E ORIENTAÇÃO;Social work and counselling;
higher_education;1980;84;academia militar- superior;8;SERVIÇOS;Services;86;SERVIÇOS DE SEGURANÇA;Security services;863;SETOR MILITAR E DE DEFESA;Military and defence;
higher_education;1991;84;Defesa Nacional (Militar);8;SERVIÇOS;Services;86;SERVIÇOS DE SEGURANÇA;Security services;863;SETOR MILITAR E DE DEFESA;Military and defence;
higher_education;2000;91;Militar;8;SERVIÇOS;Services;86;SERVIÇOS DE SEGURANÇA;Security services;863;SETOR MILITAR E DE DEFESA;Military and defence;
higher_education;2010;863;SETOR MILITAR E DE DEFESA;8;SERVIÇOS;Services;86;SERVIÇOS DE SEGURANÇA;Security services;863;SETOR MILITAR E DE DEFESA;Military and defence;
higher_education;2000;1;Outros cursos de Graduação;9;OUTROS, NÃO SABE E NÃO ESPECIFICADO;Others, not known, or unspecified;99;OUTROS, NÃO SABE E NÃO ESPECIFICADO;Others, not known, or unspecified;999;OUTROS, NÃO SABE E NÃO ESPECIFICADO;Others, not known, or unspecified;
higher_education;2000;9;Outros cursos de Mestrado ou Doutorado;9;OUTROS, NÃO SABE E NÃO ESPECIFICADO;Others, not known, or unspecified;99;OUTROS, NÃO SABE E NÃO ESPECIFICADO;Others, not known, or unspecified;999;OUTROS, NÃO SABE E NÃO ESPECIFICADO;Others, not known, or unspecified;
higher_education;1980;85;diplomacia - superior;9;OUTROS, NÃO SABE E NÃO ESPECIFICADO;Others, not known, or unspecified;99;OUTROS, NÃO SABE E NÃO ESPECIFICADO;Others, not known, or unspecified;999;OUTROS, NÃO SABE E NÃO ESPECIFICADO;Others, not known, or unspecified;
higher_education;1991;85;Outros Cursos de Grau Superior;9;OUTROS, NÃO SABE E NÃO ESPECIFICADO;Others, not known, or unspecified;99;OUTROS, NÃO SABE E NÃO ESPECIFICADO;Others, not known, or unspecified;999;OUTROS, NÃO SABE E NÃO ESPECIFICADO;Others, not known, or unspecified;
higher_education;2010;85;NÃO SABE E SUPERIOR NÃO ESPECIFICADO;9;OUTROS, NÃO SABE E NÃO ESPECIFICADO;Others, not known, or unspecified;99;OUTROS, NÃO SABE E NÃO ESPECIFICADO;Others, not known, or unspecified;999;OUTROS, NÃO SABE E NÃO ESPECIFICADO;Others, not known, or unspecified;
higher_education;1991;97;Mestrado ou Doutorado - (área não especificada);9;OUTROS, NÃO SABE E NÃO ESPECIFICADO;Others, not known, or unspecified;99;OUTROS, NÃO SABE E NÃO ESPECIFICADO;Others, not known, or unspecified;999;OUTROS, NÃO SABE E NÃO ESPECIFICADO;Others, not known, or unspecified;
higher_education;2010;97;NÃO SABE - MESTRADO OU DOUTORADO NÃO ESPECIFICADO;9;OUTROS, NÃO SABE E NÃO ESPECIFICADO;Others, not known, or unspecified;99;OUTROS, NÃO SABE E NÃO ESPECIFICADO;Others, not known, or unspecified;999;OUTROS, NÃO SABE E NÃO ESPECIFICADO;Others, not known, or unspecified;
higher_education;2010;810;SERVIÇOS A PARTICULARES (CURSO GERAIS);9;OUTROS, NÃO SABE E NÃO ESPECIFICADO;Others, not known, or unspecified;99;OUTROS, NÃO SABE E NÃO ESPECIFICADO;Others, not known, or unspecified;999;OUTROS, NÃO SABE E NÃO ESPECIFICADO;Others, not known, or unspecified;
higher_education;2010;811;HOTELARIA, RESTAURANTES E SERVIÇOS DE ALIMENTAÇÃO;9;OUTROS, NÃO SABE E NÃO ESPECIFICADO;Others, not known, or unspecified;99;OUTROS, NÃO SABE E NÃO ESPECIFICADO;Others, not known, or unspecified;999;OUTROS, NÃO SABE E NÃO ESPECIFICADO;Others, not known, or unspecified;
higher_education;2010;812;VIAGENS, TURISMO E LAZER;9;OUTROS, NÃO SABE E NÃO ESPECIFICADO;Others, not known, or unspecified;99;OUTROS, NÃO SABE E NÃO ESPECIFICADO;Others, not known, or unspecified;999;OUTROS, NÃO SABE E NÃO ESPECIFICADO;Others, not known, or unspecified;
higher_education;2010;814;CIÊNCIAS DOMÉSTICAS;9;OUTROS, NÃO SABE E NÃO ESPECIFICADO;Others, not known, or unspecified;99;OUTROS, NÃO SABE E NÃO ESPECIFICADO;Others, not known, or unspecified;999;OUTROS, NÃO SABE E NÃO ESPECIFICADO;Others, not known, or unspecified;
higher_education;2010;815;SERVIÇOS DE BELEZA;9;OUTROS, NÃO SABE E NÃO ESPECIFICADO;Others, not known, or unspecified;99;OUTROS, NÃO SABE E NÃO ESPECIFICADO;Others, not known, or unspecified;999;OUTROS, NÃO SABE E NÃO ESPECIFICADO;Others, not known, or unspecified;
higher_education;2010;840;SERVIÇOS DE TRANSPORTES (CURSO GERAIS);9;OUTROS, NÃO SABE E NÃO ESPECIFICADO;Others, not known, or unspecified;99;OUTROS, NÃO SABE E NÃO ESPECIFICADO;Others, not known, or unspecified;999;OUTROS, NÃO SABE E NÃO ESPECIFICADO;Others, not known, or unspecified;
higher_education;2010;841;MEIOS ESPECÍFICOS DE TRANSPORTES;9;OUTROS, NÃO SABE E NÃO ESPECIFICADO;Others, not known, or unspecified;99;OUTROS, NÃO SABE E NÃO ESPECIFICADO;Others, not known, or unspecified;999;OUTROS, NÃO SABE E NÃO ESPECIFICADO;Others, not known, or unspecified;
higher_education;2010;850;PROTEÇÃO AMBIENTAL (CURSO GERAIS);9;OUTROS, NÃO SABE E NÃO ESPECIFICADO;Others, not known, or unspecified;99;OUTROS, NÃO SABE E NÃO ESPECIFICADO;Others, not known, or unspecified;999;OUTROS, NÃO SABE E NÃO ESPECIFICADO;Others, not known, or unspecified;
higher_education;2010;851;TECNOLOGIA DE PROTEÇÃO AMBIENTAL;9;OUTROS, NÃO SABE E NÃO ESPECIFICADO;Others, not known, or unspecified;99;OUTROS, NÃO SABE E NÃO ESPECIFICADO;Others, not known, or unspecified;999;OUTROS, NÃO SABE E NÃO ESPECIFICADO;Others, not known, or unspecified;
higher_education;2010;852;AMBIENTES NATURAIS E VIDA SELVAGEM;9;OUTROS, NÃO SABE E NÃO ESPECIFICADO;Others, not known, or unspecified;99;OUTROS, NÃO SABE E NÃO ESPECIFICADO;Others, not known, or unspecified;999;OUTROS, NÃO SABE E NÃO ESPECIFICADO;Others, not known, or unspecified;
higher_education;2010;853;SERVIÇOS COMUNITÁRIOS DE SANEAMENTO;9;OUTROS, NÃO SABE E NÃO ESPECIFICADO;Others, not known, or unspecified;99;OUTROS, NÃO SABE E NÃO ESPECIFICADO;Others, not known, or unspecified;999;OUTROS, NÃO SABE E NÃO ESPECIFICADO;Others, not known, or unspecified;
higher_education;2010;860;SERVIÇOS DE SEGURANÇA (CURSO GERAIS);9;OUTROS, NÃO SABE E NÃO ESPECIFICADO;Others, not known, or unspecified;99;OUTROS, NÃO SABE E NÃO ESPECIFICADO;Others, not known, or unspecified;999;OUTROS, NÃO SABE E NÃO ESPECIFICADO;Others, not known, or unspecified;
higher_education;2010;861;PROTEÇÃO DE PESSOAS E PROPRIEDADES;9;OUTROS, NÃO SABE E NÃO ESPECIFICADO;Others, not known, or unspecified;99;OUTROS, NÃO SABE E NÃO ESPECIFICADO;Others, not known, or unspecified;999;OUTROS, NÃO SABE E NÃO ESPECIFICADO;Others, not known, or unspecified;
higher_education;2010;862;SAÚDE E SEGURANÇA DO TRABALHO;9;OUTROS, NÃO SABE E NÃO ESPECIFICADO;Others, not known, or unspecified;99;OUTROS, NÃO SABE E NÃO ESPECIFICADO;Others, not known, or unspecified;999;OUTROS, NÃO SABE E NÃO ESPECIFICADO;Others, not known, or unspecified;
